sport,game_id,commence_time,team_a,sportsbook_a,odds_a,team_b,sportsbook_b,odds_b,probability,profit_margin,time
nba,Boston Celtics__Philadelphia 76ers,2026-04-26T23:10:00Z,Philadelphia 76ers,fanduel,1.41,Boston Celtics,bovada,3.7,0.9795,2.05%,20260426_215512
sport,game_id,commence_time,team_a,sportsbook_a,odds_a,team_b,sportsbook_b,odds_b,probability,profit_margin,time
nhl,golden knights__mammoth,2026-04-28T01:55:00Z,mammoth,fanduel,2.96,golden knights,bovada,1.74,0.9126,8.74%,20260428_015434
sport,game_id,commence_time,team_a,sportsbook_a,odds_a,team_b,sportsbook_b,odds_b,probability,profit_margin,time
nhl,stars__wild,2026-04-29T00:20:00Z,stars,fanduel,1.82,wild,draftkings,2.3,0.9842,1.58%,20260429_001229
sport,game_id,commence_time,team_a,sportsbook_a,odds_a,team_b,sportsbook_b,odds_b,probability,profit_margin,time
nhl,stars__wild,2026-04-29T00:20:00Z,stars,draftkings,2.45,wild,betmgm,2.1,0.8844,11.56%,20260429_001701
sport,game_id,commence_time,team_a,sportsbook_a,odds_a,team_b,sportsbook_b,odds_b,probability,profit_margin,time
nhl,stars__wild,2026-04-29T00:20:00Z,stars,draftkings,2.45,wild,fanduel,2.02,0.9032,9.68%,20260429_001832
sport,game_id,commence_time,team_a,sportsbook_a,odds_a,team_b,sportsbook_b,odds_b,probability,profit_margin,time
nba,hawks__knicks,2026-05-01T02:00:00Z,hawks,fanduel,2.1,knicks,draftkings,1.98,0.9812,1.88%,20260429_024201
sport,game_id,commence_time,team_a,sportsbook_a,odds_a,team_b,sportsbook_b,odds_b,probability,profit_margin,time
nhl,canadiens__lightning,2026-04-29T23:20:00Z,lightning,fanduel,2.28,canadiens,draftkings,2.24,0.885,11.5%,20260429_231742
sport,game_id,commence_time,team_a,sportsbook_a,odds_a,team_b,sportsbook_b,odds_b,probability,profit_margin,time
nba,cavaliers__raptors,2026-05-02T00:00:00Z,raptors,betrivers,1.61,cavaliers,fanduel,2.68,0.9943,0.57%,20260430_021556
sport,game_id,commence_time,team_a,sportsbook_a,odds_a,team_b,sportsbook_b,odds_b,probability,profit_margin,time
nba,cavaliers__raptors,2026-05-02T00:00:00Z,raptors,draftkings,1.6,cavaliers,fanduel,2.68,0.9981,0.19%,20260430_021727
sport,game_id,commence_time,team_a,sportsbook_a,odds_a,team_b,sportsbook_b,odds_b,probability,profit_margin,time
nba,cavaliers__raptors,2026-05-02T00:00:00Z,raptors,draftkings,1.91,cavaliers,fanduel,2.56,0.9142,8.58%,20260430_022028
sport,game_id,commence_time,team_a,sportsbook_a,odds_a,team_b,sportsbook_b,odds_b,probability,profit_margin,time
nba,lakers__rockets,2026-05-02T01:40:00Z,rockets,draftkings,1.62,lakers,bovada,2.7,0.9877,1.23%,20260430_055755
sport,game_id,commence_time,team_a,sportsbook_a,odds_a,team_b,sportsbook_b,odds_b,probability,profit_margin,time
nba,lakers__rockets,2026-05-02T01:40:00Z,rockets,draftkings,1.62,lakers,bovada,2.7,0.9877,1.23%,20260430_055926
sport,game_id,commence_time,team_a,sportsbook_a,odds_a,team_b,sportsbook_b,odds_b,probability,profit_margin,time
nba,lakers__rockets,2026-05-02T01:40:00Z,rockets,draftkings,1.62,lakers,bovada,2.7,0.9877,1.23%,20260430_060056
sport,game_id,commence_time,team_a,sportsbook_a,odds_a,team_b,sportsbook_b,odds_b,probability,profit_margin,time
nba,lakers__rockets,2026-05-02T01:40:00Z,rockets,draftkings,1.62,lakers,bovada,2.65,0.9946,0.54%,20260430_061302
sport,game_id,commence_time,team_a,sportsbook_a,odds_a,team_b,sportsbook_b,odds_b,probability,profit_margin,time
nba,lakers__rockets,2026-05-02T01:40:00Z,rockets,draftkings,1.62,lakers,bovada,2.65,0.9946,0.54%,20260430_061432
sport,game_id,commence_time,team_a,sportsbook_a,odds_a,team_b,sportsbook_b,odds_b,probability,profit_margin,time
nba,lakers__rockets,2026-05-02T01:40:00Z,rockets,draftkings,1.62,lakers,bovada,2.65,0.9946,0.54%,20260430_061603
sport,game_id,commence_time,team_a,sportsbook_a,odds_a,team_b,sportsbook_b,odds_b,probability,profit_margin,time
nba,lakers__rockets,2026-05-02T01:40:00Z,rockets,draftkings,1.62,lakers,bovada,2.65,0.9946,0.54%,20260430_061733
sport,game_id,commence_time,team_a,sportsbook_a,odds_a,team_b,sportsbook_b,odds_b,probability,profit_margin,time
nba,lakers__rockets,2026-05-02T01:40:00Z,rockets,draftkings,1.62,lakers,bovada,2.65,0.9946,0.54%,20260430_061904
sport,game_id,commence_time,team_a,sportsbook_a,odds_a,team_b,sportsbook_b,odds_b,probability,profit_margin,time
nba,lakers__rockets,2026-05-02T01:40:00Z,rockets,draftkings,1.62,lakers,bovada,2.65,0.9946,0.54%,20260430_062035
sport,game_id,commence_time,team_a,sportsbook_a,odds_a,team_b,sportsbook_b,odds_b,probability,profit_margin,time
nba,lakers__rockets,2026-05-02T01:40:00Z,rockets,draftkings,1.62,lakers,bovada,2.65,0.9946,0.54%,20260430_062205
sport,game_id,commence_time,team_a,sportsbook_a,odds_a,team_b,sportsbook_b,odds_b,probability,profit_margin,time
nba,lakers__rockets,2026-05-02T01:40:00Z,rockets,draftkings,1.62,lakers,bovada,2.65,0.9946,0.54%,20260430_062336
sport,game_id,commence_time,team_a,sportsbook_a,odds_a,team_b,sportsbook_b,odds_b,probability,profit_margin,time
nba,lakers__rockets,2026-05-02T01:40:00Z,rockets,draftkings,1.62,lakers,bovada,2.65,0.9946,0.54%,20260430_062506
sport,game_id,commence_time,team_a,sportsbook_a,odds_a,team_b,sportsbook_b,odds_b,probability,profit_margin,time
nba,lakers__rockets,2026-05-02T01:40:00Z,rockets,draftkings,1.62,lakers,bovada,2.65,0.9946,0.54%,20260430_062637
sport,game_id,commence_time,team_a,sportsbook_a,odds_a,team_b,sportsbook_b,odds_b,probability,profit_margin,time
nba,lakers__rockets,2026-05-02T01:40:00Z,rockets,draftkings,1.62,lakers,bovada,2.65,0.9946,0.54%,20260430_062807
sport,game_id,commence_time,team_a,sportsbook_a,odds_a,team_b,sportsbook_b,odds_b,probability,profit_margin,time
nba,lakers__rockets,2026-05-02T01:40:00Z,rockets,draftkings,1.62,lakers,bovada,2.65,0.9946,0.54%,20260430_062938
sport,game_id,commence_time,team_a,sportsbook_a,odds_a,team_b,sportsbook_b,odds_b,probability,profit_margin,time
nba,lakers__rockets,2026-05-02T01:40:00Z,rockets,draftkings,1.62,lakers,bovada,2.65,0.9946,0.54%,20260430_063109
sport,game_id,commence_time,team_a,sportsbook_a,odds_a,team_b,sportsbook_b,odds_b,probability,profit_margin,time
nba,lakers__rockets,2026-05-02T01:40:00Z,rockets,draftkings,1.62,lakers,bovada,2.65,0.9946,0.54%,20260430_063239
sport,game_id,commence_time,team_a,sportsbook_a,odds_a,team_b,sportsbook_b,odds_b,probability,profit_margin,time
nba,lakers__rockets,2026-05-02T01:40:00Z,rockets,draftkings,1.62,lakers,bovada,2.65,0.9946,0.54%,20260430_063410
sport,game_id,commence_time,team_a,sportsbook_a,odds_a,team_b,sportsbook_b,odds_b,probability,profit_margin,time
nba,lakers__rockets,2026-05-02T01:40:00Z,rockets,draftkings,1.62,lakers,bovada,2.65,0.9946,0.54%,20260430_063541
sport,game_id,commence_time,team_a,sportsbook_a,odds_a,team_b,sportsbook_b,odds_b,probability,profit_margin,time
nba,lakers__rockets,2026-05-02T01:40:00Z,rockets,draftkings,1.62,lakers,bovada,2.65,0.9946,0.54%,20260430_063711
sport,game_id,commence_time,team_a,sportsbook_a,odds_a,team_b,sportsbook_b,odds_b,probability,profit_margin,time
nba,lakers__rockets,2026-05-02T01:40:00Z,rockets,draftkings,1.62,lakers,bovada,2.65,0.9946,0.54%,20260430_063842
sport,game_id,commence_time,team_a,sportsbook_a,odds_a,team_b,sportsbook_b,odds_b,probability,profit_margin,time
nba,lakers__rockets,2026-05-02T01:40:00Z,rockets,draftkings,1.62,lakers,bovada,2.65,0.9946,0.54%,20260430_064012
sport,game_id,commence_time,team_a,sportsbook_a,odds_a,team_b,sportsbook_b,odds_b,probability,profit_margin,time
nba,lakers__rockets,2026-05-02T01:40:00Z,rockets,draftkings,1.62,lakers,bovada,2.65,0.9946,0.54%,20260430_064143
sport,game_id,commence_time,team_a,sportsbook_a,odds_a,team_b,sportsbook_b,odds_b,probability,profit_margin,time
nba,lakers__rockets,2026-05-02T01:40:00Z,rockets,draftkings,1.62,lakers,bovada,2.65,0.9946,0.54%,20260430_064313
sport,game_id,commence_time,team_a,sportsbook_a,odds_a,team_b,sportsbook_b,odds_b,probability,profit_margin,time
nba,lakers__rockets,2026-05-02T01:40:00Z,rockets,draftkings,1.62,lakers,bovada,2.65,0.9946,0.54%,20260430_064444
sport,game_id,commence_time,team_a,sportsbook_a,odds_a,team_b,sportsbook_b,odds_b,probability,profit_margin,time
nba,lakers__rockets,2026-05-02T01:40:00Z,rockets,draftkings,1.62,lakers,bovada,2.65,0.9946,0.54%,20260430_064614
sport,game_id,commence_time,team_a,sportsbook_a,odds_a,team_b,sportsbook_b,odds_b,probability,profit_margin,time
nba,lakers__rockets,2026-05-02T01:40:00Z,rockets,draftkings,1.62,lakers,bovada,2.65,0.9946,0.54%,20260430_064745
sport,game_id,commence_time,team_a,sportsbook_a,odds_a,team_b,sportsbook_b,odds_b,probability,profit_margin,time
nba,lakers__rockets,2026-05-02T01:40:00Z,rockets,draftkings,1.62,lakers,bovada,2.65,0.9946,0.54%,20260430_064916
sport,game_id,commence_time,team_a,sportsbook_a,odds_a,team_b,sportsbook_b,odds_b,probability,profit_margin,time
nba,lakers__rockets,2026-05-02T01:40:00Z,rockets,draftkings,1.62,lakers,bovada,2.65,0.9946,0.54%,20260430_065046
sport,game_id,commence_time,team_a,sportsbook_a,odds_a,team_b,sportsbook_b,odds_b,probability,profit_margin,time
nba,lakers__rockets,2026-05-02T01:40:00Z,rockets,draftkings,1.62,lakers,bovada,2.65,0.9946,0.54%,20260430_065217
sport,game_id,commence_time,team_a,sportsbook_a,odds_a,team_b,sportsbook_b,odds_b,probability,profit_margin,time
nba,lakers__rockets,2026-05-02T01:40:00Z,rockets,draftkings,1.62,lakers,bovada,2.65,0.9946,0.54%,20260430_065347
sport,game_id,commence_time,team_a,sportsbook_a,odds_a,team_b,sportsbook_b,odds_b,probability,profit_margin,time
nba,lakers__rockets,2026-05-02T01:40:00Z,rockets,draftkings,1.62,lakers,bovada,2.65,0.9946,0.54%,20260430_065518
sport,game_id,commence_time,team_a,sportsbook_a,odds_a,team_b,sportsbook_b,odds_b,probability,profit_margin,time
nba,lakers__rockets,2026-05-02T01:40:00Z,rockets,draftkings,1.62,lakers,bovada,2.65,0.9946,0.54%,20260430_065649
sport,game_id,commence_time,team_a,sportsbook_a,odds_a,team_b,sportsbook_b,odds_b,probability,profit_margin,time
nba,lakers__rockets,2026-05-02T01:40:00Z,rockets,draftkings,1.62,lakers,bovada,2.65,0.9946,0.54%,20260430_065819
sport,game_id,commence_time,team_a,sportsbook_a,odds_a,team_b,sportsbook_b,odds_b,probability,profit_margin,time
nba,lakers__rockets,2026-05-02T01:40:00Z,rockets,draftkings,1.62,lakers,bovada,2.7,0.9877,1.23%,20260430_065950
sport,game_id,commence_time,team_a,sportsbook_a,odds_a,team_b,sportsbook_b,odds_b,probability,profit_margin,time
nba,lakers__rockets,2026-05-02T01:40:00Z,rockets,draftkings,1.62,lakers,bovada,2.7,0.9877,1.23%,20260430_070121
sport,game_id,commence_time,team_a,sportsbook_a,odds_a,team_b,sportsbook_b,odds_b,probability,profit_margin,time
nba,lakers__rockets,2026-05-02T01:40:00Z,rockets,draftkings,1.62,lakers,bovada,2.7,0.9877,1.23%,20260430_070252
sport,game_id,commence_time,team_a,sportsbook_a,odds_a,team_b,sportsbook_b,odds_b,probability,profit_margin,time
nba,lakers__rockets,2026-05-02T01:40:00Z,rockets,draftkings,1.62,lakers,bovada,2.65,0.9946,0.54%,20260430_070422
sport,game_id,commence_time,team_a,sportsbook_a,odds_a,team_b,sportsbook_b,odds_b,probability,profit_margin,time
nba,lakers__rockets,2026-05-02T01:40:00Z,rockets,draftkings,1.62,lakers,bovada,2.65,0.9946,0.54%,20260430_070553
sport,game_id,commence_time,team_a,sportsbook_a,odds_a,team_b,sportsbook_b,odds_b,probability,profit_margin,time
nba,lakers__rockets,2026-05-02T01:40:00Z,rockets,draftkings,1.62,lakers,bovada,2.65,0.9946,0.54%,20260430_070723
sport,game_id,commence_time,team_a,sportsbook_a,odds_a,team_b,sportsbook_b,odds_b,probability,profit_margin,time
nba,lakers__rockets,2026-05-02T01:40:00Z,rockets,draftkings,1.62,lakers,bovada,2.65,0.9946,0.54%,20260430_070854
sport,game_id,commence_time,team_a,sportsbook_a,odds_a,team_b,sportsbook_b,odds_b,probability,profit_margin,time
nba,lakers__rockets,2026-05-02T01:40:00Z,rockets,draftkings,1.62,lakers,bovada,2.65,0.9946,0.54%,20260430_071025
sport,game_id,commence_time,team_a,sportsbook_a,odds_a,team_b,sportsbook_b,odds_b,probability,profit_margin,time
nba,lakers__rockets,2026-05-02T01:40:00Z,rockets,draftkings,1.62,lakers,bovada,2.65,0.9946,0.54%,20260430_071155
sport,game_id,commence_time,team_a,sportsbook_a,odds_a,team_b,sportsbook_b,odds_b,probability,profit_margin,time
nba,lakers__rockets,2026-05-02T01:40:00Z,rockets,draftkings,1.62,lakers,bovada,2.65,0.9946,0.54%,20260430_071326
sport,game_id,commence_time,team_a,sportsbook_a,odds_a,team_b,sportsbook_b,odds_b,probability,profit_margin,time
nba,lakers__rockets,2026-05-02T01:40:00Z,rockets,draftkings,1.62,lakers,bovada,2.65,0.9946,0.54%,20260430_071456
sport,game_id,commence_time,team_a,sportsbook_a,odds_a,team_b,sportsbook_b,odds_b,probability,profit_margin,time
nba,lakers__rockets,2026-05-02T01:40:00Z,rockets,draftkings,1.62,lakers,bovada,2.7,0.9877,1.23%,20260430_071627
sport,game_id,commence_time,team_a,sportsbook_a,odds_a,team_b,sportsbook_b,odds_b,probability,profit_margin,time
nba,lakers__rockets,2026-05-02T01:40:00Z,rockets,draftkings,1.62,lakers,bovada,2.7,0.9877,1.23%,20260430_071758
sport,game_id,commence_time,team_a,sportsbook_a,odds_a,team_b,sportsbook_b,odds_b,probability,profit_margin,time
nba,lakers__rockets,2026-05-02T01:40:00Z,rockets,draftkings,1.62,lakers,bovada,2.7,0.9877,1.23%,20260430_071928
sport,game_id,commence_time,team_a,sportsbook_a,odds_a,team_b,sportsbook_b,odds_b,probability,profit_margin,time
nba,lakers__rockets,2026-05-02T01:40:00Z,rockets,draftkings,1.62,lakers,bovada,2.7,0.9877,1.23%,20260430_072059
sport,game_id,commence_time,team_a,sportsbook_a,odds_a,team_b,sportsbook_b,odds_b,probability,profit_margin,time
nba,lakers__rockets,2026-05-02T01:40:00Z,rockets,draftkings,1.62,lakers,bovada,2.7,0.9877,1.23%,20260430_072230
sport,game_id,commence_time,team_a,sportsbook_a,odds_a,team_b,sportsbook_b,odds_b,probability,profit_margin,time
nba,lakers__rockets,2026-05-02T01:40:00Z,rockets,draftkings,1.62,lakers,bovada,2.7,0.9877,1.23%,20260430_072400
sport,game_id,commence_time,team_a,sportsbook_a,odds_a,team_b,sportsbook_b,odds_b,probability,profit_margin,time
nba,lakers__rockets,2026-05-02T01:40:00Z,rockets,draftkings,1.62,lakers,bovada,2.7,0.9877,1.23%,20260430_072531
sport,game_id,commence_time,team_a,sportsbook_a,odds_a,team_b,sportsbook_b,odds_b,probability,profit_margin,time
nba,lakers__rockets,2026-05-02T01:40:00Z,rockets,draftkings,1.62,lakers,bovada,2.7,0.9877,1.23%,20260430_072702
sport,game_id,commence_time,team_a,sportsbook_a,odds_a,team_b,sportsbook_b,odds_b,probability,profit_margin,time
nba,lakers__rockets,2026-05-02T01:40:00Z,rockets,draftkings,1.62,lakers,bovada,2.7,0.9877,1.23%,20260430_072832
sport,game_id,commence_time,team_a,sportsbook_a,odds_a,team_b,sportsbook_b,odds_b,probability,profit_margin,time
nba,lakers__rockets,2026-05-02T01:40:00Z,rockets,draftkings,1.62,lakers,bovada,2.7,0.9877,1.23%,20260430_073003
sport,game_id,commence_time,team_a,sportsbook_a,odds_a,team_b,sportsbook_b,odds_b,probability,profit_margin,time
nba,lakers__rockets,2026-05-02T01:40:00Z,rockets,draftkings,1.62,lakers,bovada,2.7,0.9877,1.23%,20260430_073133
sport,game_id,commence_time,team_a,sportsbook_a,odds_a,team_b,sportsbook_b,odds_b,probability,profit_margin,time
nba,lakers__rockets,2026-05-02T01:40:00Z,rockets,draftkings,1.62,lakers,bovada,2.7,0.9877,1.23%,20260430_073304
sport,game_id,commence_time,team_a,sportsbook_a,odds_a,team_b,sportsbook_b,odds_b,probability,profit_margin,time
nba,lakers__rockets,2026-05-02T01:40:00Z,rockets,draftkings,1.62,lakers,bovada,2.7,0.9877,1.23%,20260430_073435
sport,game_id,commence_time,team_a,sportsbook_a,odds_a,team_b,sportsbook_b,odds_b,probability,profit_margin,time
nba,lakers__rockets,2026-05-02T01:40:00Z,rockets,draftkings,1.62,lakers,bovada,2.7,0.9877,1.23%,20260430_073605
sport,game_id,commence_time,team_a,sportsbook_a,odds_a,team_b,sportsbook_b,odds_b,probability,profit_margin,time
nba,lakers__rockets,2026-05-02T01:40:00Z,rockets,draftkings,1.62,lakers,bovada,2.7,0.9877,1.23%,20260430_073736
sport,game_id,commence_time,team_a,sportsbook_a,odds_a,team_b,sportsbook_b,odds_b,probability,profit_margin,time
nba,lakers__rockets,2026-05-02T01:40:00Z,rockets,draftkings,1.62,lakers,bovada,2.7,0.9877,1.23%,20260430_073906
sport,game_id,commence_time,team_a,sportsbook_a,odds_a,team_b,sportsbook_b,odds_b,probability,profit_margin,time
nba,lakers__rockets,2026-05-02T01:40:00Z,rockets,draftkings,1.62,lakers,bovada,2.7,0.9877,1.23%,20260430_074037
sport,game_id,commence_time,team_a,sportsbook_a,odds_a,team_b,sportsbook_b,odds_b,probability,profit_margin,time
nba,lakers__rockets,2026-05-02T01:40:00Z,rockets,draftkings,1.62,lakers,bovada,2.7,0.9877,1.23%,20260430_074207
sport,game_id,commence_time,team_a,sportsbook_a,odds_a,team_b,sportsbook_b,odds_b,probability,profit_margin,time
nba,lakers__rockets,2026-05-02T01:40:00Z,rockets,draftkings,1.62,lakers,bovada,2.7,0.9877,1.23%,20260430_074338
sport,game_id,commence_time,team_a,sportsbook_a,odds_a,team_b,sportsbook_b,odds_b,probability,profit_margin,time
nba,lakers__rockets,2026-05-02T01:40:00Z,rockets,draftkings,1.62,lakers,bovada,2.7,0.9877,1.23%,20260430_074508
sport,game_id,commence_time,team_a,sportsbook_a,odds_a,team_b,sportsbook_b,odds_b,probability,profit_margin,time
nba,lakers__rockets,2026-05-02T01:40:00Z,rockets,draftkings,1.62,lakers,bovada,2.7,0.9877,1.23%,20260430_074639
sport,game_id,commence_time,team_a,sportsbook_a,odds_a,team_b,sportsbook_b,odds_b,probability,profit_margin,time
nba,lakers__rockets,2026-05-02T01:40:00Z,rockets,draftkings,1.62,lakers,bovada,2.7,0.9877,1.23%,20260430_074809
sport,game_id,commence_time,team_a,sportsbook_a,odds_a,team_b,sportsbook_b,odds_b,probability,profit_margin,time
nba,lakers__rockets,2026-05-02T01:40:00Z,rockets,draftkings,1.62,lakers,bovada,2.7,0.9877,1.23%,20260430_074940
sport,game_id,commence_time,team_a,sportsbook_a,odds_a,team_b,sportsbook_b,odds_b,probability,profit_margin,time
nba,lakers__rockets,2026-05-02T01:40:00Z,rockets,draftkings,1.62,lakers,bovada,2.7,0.9877,1.23%,20260430_075110
sport,game_id,commence_time,team_a,sportsbook_a,odds_a,team_b,sportsbook_b,odds_b,probability,profit_margin,time
nba,lakers__rockets,2026-05-02T01:40:00Z,rockets,draftkings,1.62,lakers,bovada,2.7,0.9877,1.23%,20260430_075241
sport,game_id,commence_time,team_a,sportsbook_a,odds_a,team_b,sportsbook_b,odds_b,probability,profit_margin,time
nba,lakers__rockets,2026-05-02T01:40:00Z,rockets,draftkings,1.62,lakers,bovada,2.7,0.9877,1.23%,20260430_075412
sport,game_id,commence_time,team_a,sportsbook_a,odds_a,team_b,sportsbook_b,odds_b,probability,profit_margin,time
nba,lakers__rockets,2026-05-02T01:40:00Z,rockets,draftkings,1.62,lakers,bovada,2.7,0.9877,1.23%,20260430_075543
sport,game_id,commence_time,team_a,sportsbook_a,odds_a,team_b,sportsbook_b,odds_b,probability,profit_margin,time
nba,lakers__rockets,2026-05-02T01:40:00Z,rockets,draftkings,1.62,lakers,bovada,2.7,0.9877,1.23%,20260430_075713
sport,game_id,commence_time,team_a,sportsbook_a,odds_a,team_b,sportsbook_b,odds_b,probability,profit_margin,time
nba,lakers__rockets,2026-05-02T01:40:00Z,rockets,draftkings,1.62,lakers,bovada,2.7,0.9877,1.23%,20260430_075844
sport,game_id,commence_time,team_a,sportsbook_a,odds_a,team_b,sportsbook_b,odds_b,probability,profit_margin,time
nba,lakers__rockets,2026-05-02T01:40:00Z,rockets,draftkings,1.62,lakers,bovada,2.7,0.9877,1.23%,20260430_080015
sport,game_id,commence_time,team_a,sportsbook_a,odds_a,team_b,sportsbook_b,odds_b,probability,profit_margin,time
nba,lakers__rockets,2026-05-02T01:40:00Z,rockets,draftkings,1.62,lakers,bovada,2.7,0.9877,1.23%,20260430_080145
sport,game_id,commence_time,team_a,sportsbook_a,odds_a,team_b,sportsbook_b,odds_b,probability,profit_margin,time
nba,lakers__rockets,2026-05-02T01:40:00Z,rockets,draftkings,1.62,lakers,bovada,2.7,0.9877,1.23%,20260430_080316
sport,game_id,commence_time,team_a,sportsbook_a,odds_a,team_b,sportsbook_b,odds_b,probability,profit_margin,time
nba,lakers__rockets,2026-05-02T01:40:00Z,rockets,draftkings,1.62,lakers,bovada,2.65,0.9946,0.54%,20260430_080446
sport,game_id,commence_time,team_a,sportsbook_a,odds_a,team_b,sportsbook_b,odds_b,probability,profit_margin,time
nba,lakers__rockets,2026-05-02T01:40:00Z,rockets,draftkings,1.62,lakers,bovada,2.65,0.9946,0.54%,20260430_080617
sport,game_id,commence_time,team_a,sportsbook_a,odds_a,team_b,sportsbook_b,odds_b,probability,profit_margin,time
nba,lakers__rockets,2026-05-02T01:40:00Z,rockets,draftkings,1.62,lakers,bovada,2.65,0.9946,0.54%,20260430_080748
sport,game_id,commence_time,team_a,sportsbook_a,odds_a,team_b,sportsbook_b,odds_b,probability,profit_margin,time
nba,lakers__rockets,2026-05-02T01:40:00Z,rockets,draftkings,1.62,lakers,bovada,2.65,0.9946,0.54%,20260430_080918
sport,game_id,commence_time,team_a,sportsbook_a,odds_a,team_b,sportsbook_b,odds_b,probability,profit_margin,time
nba,lakers__rockets,2026-05-02T01:40:00Z,rockets,draftkings,1.62,lakers,bovada,2.65,0.9946,0.54%,20260430_081049
sport,game_id,commence_time,team_a,sportsbook_a,odds_a,team_b,sportsbook_b,odds_b,probability,profit_margin,time
nba,lakers__rockets,2026-05-02T01:40:00Z,rockets,draftkings,1.62,lakers,bovada,2.65,0.9946,0.54%,20260430_081219
sport,game_id,commence_time,team_a,sportsbook_a,odds_a,team_b,sportsbook_b,odds_b,probability,profit_margin,time
nba,lakers__rockets,2026-05-02T01:40:00Z,rockets,draftkings,1.62,lakers,bovada,2.65,0.9946,0.54%,20260430_081350
sport,game_id,commence_time,team_a,sportsbook_a,odds_a,team_b,sportsbook_b,odds_b,probability,profit_margin,time
nba,lakers__rockets,2026-05-02T01:40:00Z,rockets,draftkings,1.62,lakers,bovada,2.65,0.9946,0.54%,20260430_081521
sport,game_id,commence_time,team_a,sportsbook_a,odds_a,team_b,sportsbook_b,odds_b,probability,profit_margin,time
nba,lakers__rockets,2026-05-02T01:40:00Z,rockets,draftkings,1.62,lakers,bovada,2.65,0.9946,0.54%,20260430_081651
sport,game_id,commence_time,team_a,sportsbook_a,odds_a,team_b,sportsbook_b,odds_b,probability,profit_margin,time
nba,lakers__rockets,2026-05-02T01:40:00Z,rockets,draftkings,1.62,lakers,bovada,2.65,0.9946,0.54%,20260430_081822
sport,game_id,commence_time,team_a,sportsbook_a,odds_a,team_b,sportsbook_b,odds_b,probability,profit_margin,time
nba,lakers__rockets,2026-05-02T01:40:00Z,rockets,draftkings,1.62,lakers,bovada,2.65,0.9946,0.54%,20260430_081952
sport,game_id,commence_time,team_a,sportsbook_a,odds_a,team_b,sportsbook_b,odds_b,probability,profit_margin,time
nba,lakers__rockets,2026-05-02T01:40:00Z,rockets,draftkings,1.62,lakers,bovada,2.65,0.9946,0.54%,20260430_082123
sport,game_id,commence_time,team_a,sportsbook_a,odds_a,team_b,sportsbook_b,odds_b,probability,profit_margin,time
nba,lakers__rockets,2026-05-02T01:40:00Z,rockets,draftkings,1.62,lakers,bovada,2.65,0.9946,0.54%,20260430_082254
sport,game_id,commence_time,team_a,sportsbook_a,odds_a,team_b,sportsbook_b,odds_b,probability,profit_margin,time
nba,lakers__rockets,2026-05-02T01:40:00Z,rockets,draftkings,1.62,lakers,bovada,2.65,0.9946,0.54%,20260430_082424
sport,game_id,commence_time,team_a,sportsbook_a,odds_a,team_b,sportsbook_b,odds_b,probability,profit_margin,time
nba,lakers__rockets,2026-05-02T01:40:00Z,rockets,draftkings,1.62,lakers,bovada,2.65,0.9946,0.54%,20260430_082555
sport,game_id,commence_time,team_a,sportsbook_a,odds_a,team_b,sportsbook_b,odds_b,probability,profit_margin,time
nba,lakers__rockets,2026-05-02T01:40:00Z,rockets,draftkings,1.62,lakers,bovada,2.65,0.9946,0.54%,20260430_082725
sport,game_id,commence_time,team_a,sportsbook_a,odds_a,team_b,sportsbook_b,odds_b,probability,profit_margin,time
nba,lakers__rockets,2026-05-02T01:40:00Z,rockets,draftkings,1.62,lakers,bovada,2.65,0.9946,0.54%,20260430_082856
sport,game_id,commence_time,team_a,sportsbook_a,odds_a,team_b,sportsbook_b,odds_b,probability,profit_margin,time
nba,lakers__rockets,2026-05-02T01:40:00Z,rockets,draftkings,1.62,lakers,bovada,2.65,0.9946,0.54%,20260430_083027
sport,game_id,commence_time,team_a,sportsbook_a,odds_a,team_b,sportsbook_b,odds_b,probability,profit_margin,time
nba,lakers__rockets,2026-05-02T01:40:00Z,rockets,draftkings,1.62,lakers,bovada,2.65,0.9946,0.54%,20260430_083931
sport,game_id,commence_time,team_a,sportsbook_a,odds_a,team_b,sportsbook_b,odds_b,probability,profit_margin,time
nba,lakers__rockets,2026-05-02T01:40:00Z,rockets,draftkings,1.62,lakers,bovada,2.65,0.9946,0.54%,20260430_084102
sport,game_id,commence_time,team_a,sportsbook_a,odds_a,team_b,sportsbook_b,odds_b,probability,profit_margin,time
nba,lakers__rockets,2026-05-02T01:40:00Z,rockets,draftkings,1.62,lakers,bovada,2.65,0.9946,0.54%,20260430_084232
sport,game_id,commence_time,team_a,sportsbook_a,odds_a,team_b,sportsbook_b,odds_b,probability,profit_margin,time
nba,lakers__rockets,2026-05-02T01:40:00Z,rockets,draftkings,1.62,lakers,bovada,2.65,0.9946,0.54%,20260430_084403
sport,game_id,commence_time,team_a,sportsbook_a,odds_a,team_b,sportsbook_b,odds_b,probability,profit_margin,time
nba,lakers__rockets,2026-05-02T01:40:00Z,rockets,draftkings,1.62,lakers,bovada,2.65,0.9946,0.54%,20260430_084534
sport,game_id,commence_time,team_a,sportsbook_a,odds_a,team_b,sportsbook_b,odds_b,probability,profit_margin,time
nba,lakers__rockets,2026-05-02T01:40:00Z,rockets,draftkings,1.62,lakers,bovada,2.65,0.9946,0.54%,20260430_084704
sport,game_id,commence_time,team_a,sportsbook_a,odds_a,team_b,sportsbook_b,odds_b,probability,profit_margin,time
nba,lakers__rockets,2026-05-02T01:40:00Z,rockets,draftkings,1.62,lakers,bovada,2.65,0.9946,0.54%,20260430_084835
sport,game_id,commence_time,team_a,sportsbook_a,odds_a,team_b,sportsbook_b,odds_b,probability,profit_margin,time
nba,lakers__rockets,2026-05-02T01:40:00Z,rockets,draftkings,1.62,lakers,bovada,2.65,0.9946,0.54%,20260430_085006
sport,game_id,commence_time,team_a,sportsbook_a,odds_a,team_b,sportsbook_b,odds_b,probability,profit_margin,time
nba,lakers__rockets,2026-05-02T01:40:00Z,rockets,draftkings,1.62,lakers,bovada,2.65,0.9946,0.54%,20260430_085136
sport,game_id,commence_time,team_a,sportsbook_a,odds_a,team_b,sportsbook_b,odds_b,probability,profit_margin,time
nba,lakers__rockets,2026-05-02T01:40:00Z,rockets,draftkings,1.62,lakers,bovada,2.65,0.9946,0.54%,20260430_085307
sport,game_id,commence_time,team_a,sportsbook_a,odds_a,team_b,sportsbook_b,odds_b,probability,profit_margin,time
nba,lakers__rockets,2026-05-02T01:40:00Z,rockets,draftkings,1.62,lakers,bovada,2.65,0.9946,0.54%,20260430_085438
sport,game_id,commence_time,team_a,sportsbook_a,odds_a,team_b,sportsbook_b,odds_b,probability,profit_margin,time
nba,lakers__rockets,2026-05-02T01:40:00Z,rockets,draftkings,1.62,lakers,bovada,2.65,0.9946,0.54%,20260430_085608
sport,game_id,commence_time,team_a,sportsbook_a,odds_a,team_b,sportsbook_b,odds_b,probability,profit_margin,time
nba,lakers__rockets,2026-05-02T01:40:00Z,rockets,draftkings,1.62,lakers,bovada,2.65,0.9946,0.54%,20260430_085739
sport,game_id,commence_time,team_a,sportsbook_a,odds_a,team_b,sportsbook_b,odds_b,probability,profit_margin,time
nba,lakers__rockets,2026-05-02T01:40:00Z,rockets,draftkings,1.62,lakers,bovada,2.65,0.9946,0.54%,20260430_085910
sport,game_id,commence_time,team_a,sportsbook_a,odds_a,team_b,sportsbook_b,odds_b,probability,profit_margin,time
nba,lakers__rockets,2026-05-02T01:40:00Z,rockets,draftkings,1.62,lakers,bovada,2.65,0.9946,0.54%,20260430_090040
sport,game_id,commence_time,team_a,sportsbook_a,odds_a,team_b,sportsbook_b,odds_b,probability,profit_margin,time
nba,lakers__rockets,2026-05-02T01:40:00Z,rockets,draftkings,1.62,lakers,bovada,2.65,0.9946,0.54%,20260430_090211
sport,game_id,commence_time,team_a,sportsbook_a,odds_a,team_b,sportsbook_b,odds_b,probability,profit_margin,time
nba,lakers__rockets,2026-05-02T01:40:00Z,rockets,draftkings,1.62,lakers,bovada,2.65,0.9946,0.54%,20260430_090341
sport,game_id,commence_time,team_a,sportsbook_a,odds_a,team_b,sportsbook_b,odds_b,probability,profit_margin,time
nba,lakers__rockets,2026-05-02T01:40:00Z,rockets,draftkings,1.62,lakers,bovada,2.65,0.9946,0.54%,20260430_090512
sport,game_id,commence_time,team_a,sportsbook_a,odds_a,team_b,sportsbook_b,odds_b,probability,profit_margin,time
nba,lakers__rockets,2026-05-02T01:40:00Z,rockets,draftkings,1.62,lakers,bovada,2.65,0.9946,0.54%,20260430_090642
sport,game_id,commence_time,team_a,sportsbook_a,odds_a,team_b,sportsbook_b,odds_b,probability,profit_margin,time
nba,lakers__rockets,2026-05-02T01:40:00Z,rockets,draftkings,1.62,lakers,bovada,2.65,0.9946,0.54%,20260430_090813
sport,game_id,commence_time,team_a,sportsbook_a,odds_a,team_b,sportsbook_b,odds_b,probability,profit_margin,time
nba,lakers__rockets,2026-05-02T01:40:00Z,rockets,draftkings,1.62,lakers,bovada,2.65,0.9946,0.54%,20260430_090943
sport,game_id,commence_time,team_a,sportsbook_a,odds_a,team_b,sportsbook_b,odds_b,probability,profit_margin,time
nba,lakers__rockets,2026-05-02T01:40:00Z,rockets,draftkings,1.62,lakers,bovada,2.65,0.9946,0.54%,20260430_091114
sport,game_id,commence_time,team_a,sportsbook_a,odds_a,team_b,sportsbook_b,odds_b,probability,profit_margin,time
mlb,giants__phillies,2026-04-30T16:36:00Z,phillies,betrivers,1.82,giants,fanduel,2.22,0.9999,0.01%,20260430_105659
sport,game_id,commence_time,team_a,sportsbook_a,odds_a,team_b,sportsbook_b,odds_b,probability,profit_margin,time
mlb,giants__phillies,2026-04-30T16:36:00Z,phillies,betrivers,1.82,giants,fanduel,2.22,0.9999,0.01%,20260430_105829
sport,game_id,commence_time,team_a,sportsbook_a,odds_a,team_b,sportsbook_b,odds_b,probability,profit_margin,time
mlb,giants__phillies,2026-04-30T16:36:00Z,phillies,betrivers,1.83,giants,fanduel,2.22,0.9969,0.31%,20260430_110000
sport,game_id,commence_time,team_a,sportsbook_a,odds_a,team_b,sportsbook_b,odds_b,probability,profit_margin,time
mlb,giants__phillies,2026-04-30T16:36:00Z,phillies,betrivers,1.82,giants,fanduel,2.22,0.9999,0.01%,20260430_110131
sport,game_id,commence_time,team_a,sportsbook_a,odds_a,team_b,sportsbook_b,odds_b,probability,profit_margin,time
mlb,giants__phillies,2026-04-30T16:36:00Z,phillies,betrivers,1.82,giants,fanduel,2.22,0.9999,0.01%,20260430_110301
sport,game_id,commence_time,team_a,sportsbook_a,odds_a,team_b,sportsbook_b,odds_b,probability,profit_margin,time
mlb,blue jays__twins,2026-05-02T00:11:00Z,twins,fanduel,1.91,blue jays,betmgm,2.1,0.9998,0.02%,20260430_224548
sport,game_id,commence_time,team_a,sportsbook_a,odds_a,team_b,sportsbook_b,odds_b,probability,profit_margin,time
mlb,blue jays__twins,2026-05-02T00:11:00Z,twins,fanduel,1.91,blue jays,betmgm,2.1,0.9998,0.02%,20260430_224719
sport,game_id,commence_time,team_a,sportsbook_a,odds_a,team_b,sportsbook_b,odds_b,probability,profit_margin,time
nba,nuggets__timberwolves,2026-05-01T01:40:00Z,timberwolves,betmgm,1.4,nuggets,draftkings,3.6,0.9921,0.79%,20260430_235350
sport,game_id,commence_time,team_a,sportsbook_a,odds_a,team_b,sportsbook_b,odds_b,probability,profit_margin,time
nba,spurs__timberwolves,2026-05-05T01:30:00Z,spurs,fanduel,8.3,timberwolves,draftkings,1.24,0.9269,7.31%,20260501_042420
sport,game_id,commence_time,team_a,sportsbook_a,odds_a,team_b,sportsbook_b,odds_b,probability,profit_margin,time
nba,spurs__timberwolves,2026-05-05T01:30:00Z,spurs,fanduel,6.3,timberwolves,draftkings,1.24,0.9652,3.48%,20260501_042551
sport,game_id,commence_time,team_a,sportsbook_a,odds_a,team_b,sportsbook_b,odds_b,probability,profit_margin,time
mlb,giants__rays,2026-05-01T23:11:00Z,rays,draftkings,2.23,giants,betrivers,1.85,0.989,1.1%,20260501_200524
sport,game_id,commence_time,team_a,sportsbook_a,odds_a,team_b,sportsbook_b,odds_b,probability,profit_margin,time
nba,cavaliers__raptors,2026-05-03T17:00:00Z,cavaliers,draftkings,1.35,raptors,fanduel,4.1,0.9846,1.54%,20260502_023034
sport,game_id,commence_time,team_a,sportsbook_a,odds_a,team_b,sportsbook_b,odds_b,probability,profit_margin,time
nba,cavaliers__raptors,2026-05-03T17:00:00Z,cavaliers,betmgm,1.35,raptors,betrivers,3.9,0.9972,0.28%,20260502_023205
sport,game_id,commence_time,team_a,sportsbook_a,odds_a,team_b,sportsbook_b,odds_b,probability,profit_margin,time
nba,76ers__celtics,2026-05-02T23:40:00Z,celtics,draftkings,1.38,76ers,betrivers,3.65,0.9986,0.14%,20260502_132330
sport,game_id,commence_time,team_a,sportsbook_a,odds_a,team_b,sportsbook_b,odds_b,probability,profit_margin,time
nba,76ers__celtics,2026-05-02T23:40:00Z,celtics,draftkings,1.38,76ers,betrivers,3.65,0.9986,0.14%,20260502_132501
sport,game_id,commence_time,team_a,sportsbook_a,odds_a,team_b,sportsbook_b,odds_b,probability,profit_margin,time
nba,76ers__celtics,2026-05-02T23:40:00Z,celtics,draftkings,1.38,76ers,betrivers,3.65,0.9986,0.14%,20260502_132631
sport,game_id,commence_time,team_a,sportsbook_a,odds_a,team_b,sportsbook_b,odds_b,probability,profit_margin,time
nba,76ers__celtics,2026-05-02T23:40:00Z,celtics,draftkings,1.38,76ers,betrivers,3.65,0.9986,0.14%,20260502_132802
sport,game_id,commence_time,team_a,sportsbook_a,odds_a,team_b,sportsbook_b,odds_b,probability,profit_margin,time
nba,76ers__celtics,2026-05-02T23:40:00Z,celtics,draftkings,1.38,76ers,betrivers,3.65,0.9986,0.14%,20260502_132932
sport,game_id,commence_time,team_a,sportsbook_a,odds_a,team_b,sportsbook_b,odds_b,probability,profit_margin,time
nba,76ers__celtics,2026-05-02T23:40:00Z,celtics,draftkings,1.38,76ers,betrivers,3.65,0.9986,0.14%,20260502_133103
sport,game_id,commence_time,team_a,sportsbook_a,odds_a,team_b,sportsbook_b,odds_b,probability,profit_margin,time
nba,76ers__celtics,2026-05-02T23:40:00Z,celtics,draftkings,1.51,76ers,bovada,3.0,0.9956,0.44%,20260502_214434
sport,game_id,commence_time,team_a,sportsbook_a,odds_a,team_b,sportsbook_b,odds_b,probability,profit_margin,time
nba,76ers__knicks,2026-05-05T00:10:00Z,knicks,draftkings,1.57,76ers,fanduel,3.2,0.9494,5.06%,20260503_020517
sport,game_id,commence_time,team_a,sportsbook_a,odds_a,team_b,sportsbook_b,odds_b,probability,profit_margin,time
nba,76ers__knicks,2026-05-05T00:10:00Z,knicks,draftkings,1.57,76ers,fanduel,3.05,0.9648,3.52%,20260503_020648
sport,game_id,commence_time,team_a,sportsbook_a,odds_a,team_b,sportsbook_b,odds_b,probability,profit_margin,time
nba,76ers__knicks,2026-05-05T00:10:00Z,knicks,draftkings,1.57,76ers,fanduel,3.05,0.9648,3.52%,20260503_020819
sport,game_id,commence_time,team_a,sportsbook_a,odds_a,team_b,sportsbook_b,odds_b,probability,profit_margin,time
nba,76ers__knicks,2026-05-05T00:10:00Z,knicks,draftkings,1.57,76ers,fanduel,3.05,0.9648,3.52%,20260503_020950
sport,game_id,commence_time,team_a,sportsbook_a,odds_a,team_b,sportsbook_b,odds_b,probability,profit_margin,time
nba,76ers__knicks,2026-05-05T00:10:00Z,knicks,draftkings,1.44,76ers,bovada,3.4,0.9886,1.14%,20260503_022326
sport,game_id,commence_time,team_a,sportsbook_a,odds_a,team_b,sportsbook_b,odds_b,probability,profit_margin,time
nba,76ers__knicks,2026-05-05T00:10:00Z,knicks,draftkings,1.44,76ers,bovada,3.4,0.9886,1.14%,20260503_022457
sport,game_id,commence_time,team_a,sportsbook_a,odds_a,team_b,sportsbook_b,odds_b,probability,profit_margin,time
nba,76ers__knicks,2026-05-05T00:10:00Z,knicks,draftkings,1.44,76ers,bovada,3.4,0.9886,1.14%,20260503_022627
sport,game_id,commence_time,team_a,sportsbook_a,odds_a,team_b,sportsbook_b,odds_b,probability,profit_margin,time
nba,76ers__knicks,2026-05-05T00:10:00Z,knicks,draftkings,1.46,76ers,bovada,3.4,0.979,2.1%,20260503_022758
sport,game_id,commence_time,team_a,sportsbook_a,odds_a,team_b,sportsbook_b,odds_b,probability,profit_margin,time
nba,76ers__knicks,2026-05-05T00:10:00Z,knicks,draftkings,1.46,76ers,bovada,3.4,0.979,2.1%,20260503_022928
sport,game_id,commence_time,team_a,sportsbook_a,odds_a,team_b,sportsbook_b,odds_b,probability,profit_margin,time
nba,76ers__knicks,2026-05-05T00:10:00Z,knicks,draftkings,1.46,76ers,bovada,3.4,0.979,2.1%,20260503_023059
sport,game_id,commence_time,team_a,sportsbook_a,odds_a,team_b,sportsbook_b,odds_b,probability,profit_margin,time
nba,76ers__knicks,2026-05-05T00:10:00Z,knicks,draftkings,1.46,76ers,bovada,3.4,0.979,2.1%,20260503_023230
sport,game_id,commence_time,team_a,sportsbook_a,odds_a,team_b,sportsbook_b,odds_b,probability,profit_margin,time
nba,76ers__knicks,2026-05-05T00:10:00Z,knicks,draftkings,1.46,76ers,bovada,3.4,0.979,2.1%,20260503_023401
sport,game_id,commence_time,team_a,sportsbook_a,odds_a,team_b,sportsbook_b,odds_b,probability,profit_margin,time
nba,76ers__knicks,2026-05-05T00:10:00Z,knicks,draftkings,1.46,76ers,bovada,3.4,0.979,2.1%,20260503_023531
sport,game_id,commence_time,team_a,sportsbook_a,odds_a,team_b,sportsbook_b,odds_b,probability,profit_margin,time
nba,76ers__knicks,2026-05-05T00:10:00Z,knicks,draftkings,1.43,76ers,bovada,3.4,0.9934,0.66%,20260503_023702
sport,game_id,commence_time,team_a,sportsbook_a,odds_a,team_b,sportsbook_b,odds_b,probability,profit_margin,time
nba,76ers__knicks,2026-05-05T00:10:00Z,knicks,draftkings,1.43,76ers,bovada,3.4,0.9934,0.66%,20260503_023833
sport,game_id,commence_time,team_a,sportsbook_a,odds_a,team_b,sportsbook_b,odds_b,probability,profit_margin,time
nba,76ers__knicks,2026-05-05T00:10:00Z,knicks,draftkings,1.43,76ers,bovada,3.4,0.9934,0.66%,20260503_024003
sport,game_id,commence_time,team_a,sportsbook_a,odds_a,team_b,sportsbook_b,odds_b,probability,profit_margin,time
nba,76ers__knicks,2026-05-05T00:10:00Z,knicks,draftkings,1.43,76ers,bovada,3.4,0.9934,0.66%,20260503_024134
sport,game_id,commence_time,team_a,sportsbook_a,odds_a,team_b,sportsbook_b,odds_b,probability,profit_margin,time
nba,76ers__knicks,2026-05-05T00:10:00Z,knicks,draftkings,1.43,76ers,bovada,3.4,0.9934,0.66%,20260503_024304
sport,game_id,commence_time,team_a,sportsbook_a,odds_a,team_b,sportsbook_b,odds_b,probability,profit_margin,time
nba,76ers__knicks,2026-05-05T00:10:00Z,knicks,draftkings,1.43,76ers,bovada,3.4,0.9934,0.66%,20260503_024435
sport,game_id,commence_time,team_a,sportsbook_a,odds_a,team_b,sportsbook_b,odds_b,probability,profit_margin,time
nba,76ers__knicks,2026-05-05T00:10:00Z,knicks,draftkings,1.43,76ers,bovada,3.4,0.9934,0.66%,20260503_024606
sport,game_id,commence_time,team_a,sportsbook_a,odds_a,team_b,sportsbook_b,odds_b,probability,profit_margin,time
nba,76ers__knicks,2026-05-05T00:10:00Z,knicks,draftkings,1.43,76ers,bovada,3.4,0.9934,0.66%,20260503_024737
sport,game_id,commence_time,team_a,sportsbook_a,odds_a,team_b,sportsbook_b,odds_b,probability,profit_margin,time
nba,76ers__knicks,2026-05-05T00:10:00Z,knicks,draftkings,1.43,76ers,bovada,3.4,0.9934,0.66%,20260503_024907
sport,game_id,commence_time,team_a,sportsbook_a,odds_a,team_b,sportsbook_b,odds_b,probability,profit_margin,time
nba,76ers__knicks,2026-05-05T00:10:00Z,knicks,draftkings,1.43,76ers,bovada,3.4,0.9934,0.66%,20260503_025038
sport,game_id,commence_time,team_a,sportsbook_a,odds_a,team_b,sportsbook_b,odds_b,probability,profit_margin,time
nba,76ers__knicks,2026-05-05T00:10:00Z,knicks,draftkings,1.43,76ers,bovada,3.4,0.9934,0.66%,20260503_025209
sport,game_id,commence_time,team_a,sportsbook_a,odds_a,team_b,sportsbook_b,odds_b,probability,profit_margin,time
nba,76ers__knicks,2026-05-05T00:10:00Z,knicks,draftkings,1.43,76ers,bovada,3.4,0.9934,0.66%,20260503_025339
sport,game_id,commence_time,team_a,sportsbook_a,odds_a,team_b,sportsbook_b,odds_b,probability,profit_margin,time
nba,76ers__knicks,2026-05-05T00:10:00Z,knicks,draftkings,1.43,76ers,bovada,3.4,0.9934,0.66%,20260503_025510
sport,game_id,commence_time,team_a,sportsbook_a,odds_a,team_b,sportsbook_b,odds_b,probability,profit_margin,time
nba,76ers__knicks,2026-05-05T00:10:00Z,knicks,draftkings,1.43,76ers,bovada,3.4,0.9934,0.66%,20260503_025641
sport,game_id,commence_time,team_a,sportsbook_a,odds_a,team_b,sportsbook_b,odds_b,probability,profit_margin,time
nba,76ers__knicks,2026-05-05T00:10:00Z,knicks,draftkings,1.43,76ers,bovada,3.4,0.9934,0.66%,20260503_025812
sport,game_id,commence_time,team_a,sportsbook_a,odds_a,team_b,sportsbook_b,odds_b,probability,profit_margin,time
nba,76ers__knicks,2026-05-05T00:10:00Z,knicks,draftkings,1.39,76ers,bovada,3.6,0.9972,0.28%,20260503_030243
sport,game_id,commence_time,team_a,sportsbook_a,odds_a,team_b,sportsbook_b,odds_b,probability,profit_margin,time
nba,76ers__knicks,2026-05-05T00:10:00Z,knicks,draftkings,1.39,76ers,bovada,3.6,0.9972,0.28%,20260503_030414
sport,game_id,commence_time,team_a,sportsbook_a,odds_a,team_b,sportsbook_b,odds_b,probability,profit_margin,time
nba,76ers__knicks,2026-05-05T00:10:00Z,knicks,draftkings,1.39,76ers,bovada,3.6,0.9972,0.28%,20260503_030545
sport,game_id,commence_time,team_a,sportsbook_a,odds_a,team_b,sportsbook_b,odds_b,probability,profit_margin,time
nba,76ers__knicks,2026-05-05T00:10:00Z,knicks,draftkings,1.39,76ers,bovada,3.6,0.9972,0.28%,20260503_030715
sport,game_id,commence_time,team_a,sportsbook_a,odds_a,team_b,sportsbook_b,odds_b,probability,profit_margin,time
nba,76ers__knicks,2026-05-05T00:10:00Z,knicks,draftkings,1.39,76ers,bovada,3.6,0.9972,0.28%,20260503_030846
sport,game_id,commence_time,team_a,sportsbook_a,odds_a,team_b,sportsbook_b,odds_b,probability,profit_margin,time
nba,76ers__knicks,2026-05-05T00:10:00Z,knicks,draftkings,1.39,76ers,bovada,3.6,0.9972,0.28%,20260503_031017
sport,game_id,commence_time,team_a,sportsbook_a,odds_a,team_b,sportsbook_b,odds_b,probability,profit_margin,time
nba,76ers__knicks,2026-05-05T00:10:00Z,knicks,draftkings,1.39,76ers,bovada,3.6,0.9972,0.28%,20260503_031148
sport,game_id,commence_time,team_a,sportsbook_a,odds_a,team_b,sportsbook_b,odds_b,probability,profit_margin,time
nba,76ers__knicks,2026-05-05T00:10:00Z,knicks,draftkings,1.39,76ers,bovada,3.6,0.9972,0.28%,20260503_031319
sport,game_id,commence_time,team_a,sportsbook_a,odds_a,team_b,sportsbook_b,odds_b,probability,profit_margin,time
nba,76ers__knicks,2026-05-05T00:10:00Z,knicks,draftkings,1.39,76ers,bovada,3.6,0.9972,0.28%,20260503_031450
sport,game_id,commence_time,team_a,sportsbook_a,odds_a,team_b,sportsbook_b,odds_b,probability,profit_margin,time
nba,76ers__knicks,2026-05-05T00:10:00Z,knicks,draftkings,1.39,76ers,bovada,3.6,0.9972,0.28%,20260503_031620
sport,game_id,commence_time,team_a,sportsbook_a,odds_a,team_b,sportsbook_b,odds_b,probability,profit_margin,time
nba,76ers__knicks,2026-05-05T00:10:00Z,knicks,draftkings,1.39,76ers,bovada,3.6,0.9972,0.28%,20260503_031751
sport,game_id,commence_time,team_a,sportsbook_a,odds_a,team_b,sportsbook_b,odds_b,probability,profit_margin,time
nba,76ers__knicks,2026-05-05T00:10:00Z,knicks,draftkings,1.39,76ers,bovada,3.6,0.9972,0.28%,20260503_031921
sport,game_id,commence_time,team_a,sportsbook_a,odds_a,team_b,sportsbook_b,odds_b,probability,profit_margin,time
nba,76ers__knicks,2026-05-05T00:10:00Z,knicks,draftkings,1.39,76ers,bovada,3.6,0.9972,0.28%,20260503_032052
sport,game_id,commence_time,team_a,sportsbook_a,odds_a,team_b,sportsbook_b,odds_b,probability,profit_margin,time
nba,76ers__knicks,2026-05-05T00:10:00Z,knicks,draftkings,1.39,76ers,bovada,3.6,0.9972,0.28%,20260503_032223
sport,game_id,commence_time,team_a,sportsbook_a,odds_a,team_b,sportsbook_b,odds_b,probability,profit_margin,time
nba,76ers__knicks,2026-05-05T00:10:00Z,knicks,draftkings,1.39,76ers,bovada,3.6,0.9972,0.28%,20260503_032354
sport,game_id,commence_time,team_a,sportsbook_a,odds_a,team_b,sportsbook_b,odds_b,probability,profit_margin,time
mlb,astros__red sox,2026-05-03T17:36:00Z,red sox,betrivers,1.8,astros,betmgm,2.4,0.9722,2.78%,20260503_083941
